target,trial,is_best_for_target,val_mae,val_wmae,best_iteration,n_estimators,max_depth,learning_rate,subsample,colsample_bytree,min_child_weight,gamma,reg_alpha,reg_lambda,use_sample_weights,weight_alpha,weight_p,weight_clip_max
target_bow_f1__full,1,0,0.05185661152197919,,32,1600,5,0.1,1.0,1.0,5,0.0,0.0,0.5,0,5.0,2.0,50.0
target_bow_f1__full,2,0,0.0528351935926132,,170,400,4,0.02,1.0,1.0,5,0.1,0.1,0.5,0,5.0,2.0,50.0
target_bow_f1__full,3,0,0.050910411173666535,,309,1000,4,0.02,0.8,0.6,1,0.1,0.0,2.0,0,5.0,2.0,50.0
target_bow_f1__full,4,0,0.052531525016340695,,105,1200,3,0.1,0.8,0.6,5,0.1,0.1,2.0,0,5.0,2.0,50.0
target_bow_f1__full,5,0,0.05231555058759197,,122,1200,5,0.03,1.0,0.6,5,0.1,0.5,0.5,0,5.0,2.0,50.0
target_bow_f1__full,6,0,0.04964061536356247,,233,1000,7,0.02,0.8,0.6,10,0.1,0.1,0.5,0,5.0,2.0,50.0
target_bow_f1__full,7,0,0.054885701778030566,,101,1200,3,0.03,1.0,0.6,1,0.3,0.5,2.0,0,5.0,2.0,50.0
target_bow_f1__full,8,0,0.05310079468082908,,292,1600,7,0.02,1.0,1.0,1,0.0,0.0,0.5,0,5.0,2.0,50.0
target_bow_f1__full,9,0,0.05104538743874761,,227,400,6,0.02,0.8,0.8,3,0.0,0.5,1.0,0,5.0,2.0,50.0
target_bow_f1__full,10,0,0.05088538892328631,,87,1600,5,0.05,1.0,0.8,5,0.0,0.0,1.0,0,5.0,2.0,50.0
target_bow_f1__full,11,0,0.05105683204921546,,114,1600,6,0.03,1.0,0.6,10,0.1,0.0,0.5,0,5.0,2.0,50.0
target_bow_f1__full,12,0,0.05516861091475362,,152,1000,6,0.02,1.0,1.0,10,0.3,0.5,2.0,0,5.0,2.0,50.0
target_bow_f1__full,13,0,0.051083149076006196,,388,1200,4,0.01,0.8,0.8,3,0.1,0.0,2.0,0,5.0,2.0,50.0
target_bow_f1__full,14,0,0.05164758076770174,,537,1600,7,0.01,0.6,0.6,3,0.1,0.1,1.0,0,5.0,2.0,50.0
target_bow_f1__full,15,0,0.049892522201217565,,94,1600,4,0.05,0.8,1.0,10,0.0,0.1,0.5,0,5.0,2.0,50.0
target_bow_f1__full,16,0,0.04874044123278189,,640,1600,5,0.02,0.6,0.8,5,0.0,0.1,2.0,0,5.0,2.0,50.0
target_bow_f1__full,17,0,0.05114177377751382,,476,1000,3,0.01,1.0,0.8,1,0.0,0.0,0.5,0,5.0,2.0,50.0
target_bow_f1__full,18,0,0.05253019493209921,,251,1600,5,0.02,1.0,1.0,10,0.0,0.5,2.0,0,5.0,2.0,50.0
target_bow_f1__full,19,0,0.05352751835336683,,32,1200,7,0.1,1.0,0.8,10,0.3,0.0,1.0,0,5.0,2.0,50.0
target_bow_f1__full,20,0,0.050200856803203804,,81,800,5,0.05,1.0,0.8,10,0.0,0.1,0.5,0,5.0,2.0,50.0
target_bow_f1__full,21,0,0.0518561606631985,,140,1600,6,0.1,0.6,0.8,3,0.0,0.5,1.0,0,5.0,2.0,50.0
target_bow_f1__full,22,0,0.05341554141638452,,585,1600,3,0.01,0.8,1.0,3,0.3,0.0,2.0,0,5.0,2.0,50.0
target_bow_f1__full,23,0,0.05140828827599201,,273,1000,6,0.02,0.6,0.8,5,0.1,0.1,1.0,0,5.0,2.0,50.0
target_bow_f1__full,24,0,0.05078532390561901,,543,1000,7,0.01,0.8,1.0,5,0.1,0.1,0.5,0,5.0,2.0,50.0
target_bow_f1__full,25,0,0.05241226176273783,,124,1200,7,0.03,1.0,1.0,1,0.0,0.1,0.5,0,5.0,2.0,50.0
target_bow_f1__full,26,0,0.05287299216501171,,162,400,4,0.03,0.6,1.0,10,0.1,0.5,2.0,0,5.0,2.0,50.0
target_bow_f1__full,27,0,0.05234438432052556,,267,600,4,0.02,0.6,1.0,10,0.1,0.5,1.0,0,5.0,2.0,50.0
target_bow_f1__full,28,0,0.05137417734315823,,109,1000,7,0.05,0.8,1.0,3,0.1,0.1,2.0,0,5.0,2.0,50.0
target_bow_f1__full,29,0,0.054664461377076555,,131,400,3,0.03,0.8,0.8,3,0.3,0.5,1.0,0,5.0,2.0,50.0
target_bow_f1__full,30,0,0.052154404087532136,,31,1000,6,0.1,0.6,0.6,10,0.1,0.0,0.5,0,5.0,2.0,50.0
target_bow_f1__full,31,0,0.05309468814900935,,294,1600,6,0.02,0.6,0.8,10,0.3,0.0,1.0,0,5.0,2.0,50.0
target_bow_f1__full,32,0,0.0488484300447093,,310,1000,4,0.02,0.6,0.8,5,0.0,0.1,1.0,0,5.0,2.0,50.0
target_bow_f1__full,33,0,0.05245342437547394,,69,1600,5,0.05,1.0,0.6,3,0.1,0.1,2.0,0,5.0,2.0,50.0
target_bow_f1__full,34,0,0.05048656440768801,,795,800,7,0.01,1.0,0.6,1,0.0,0.5,1.0,0,5.0,2.0,50.0
target_bow_f1__full,35,0,0.0487211282710888,,191,400,6,0.03,0.6,1.0,10,0.0,0.0,0.5,0,5.0,2.0,50.0
target_bow_f1__full,36,0,0.050202798326031285,,169,1200,4,0.03,1.0,1.0,1,0.0,0.0,0.5,0,5.0,2.0,50.0
target_bow_f1__full,37,0,0.05111323351271516,,163,400,6,0.05,0.6,1.0,5,0.1,0.0,2.0,0,5.0,2.0,50.0
target_bow_f1__full,38,0,0.05128415018178199,,46,600,3,0.1,0.6,0.6,3,0.0,0.5,1.0,0,5.0,2.0,50.0
target_bow_f1__full,39,0,0.053653893980404564,,60,600,5,0.05,1.0,0.8,1,0.3,0.0,1.0,0,5.0,2.0,50.0
target_bow_f1__full,40,0,0.04963862495325336,,204,1000,6,0.02,0.6,0.8,1,0.0,0.1,1.0,0,5.0,2.0,50.0
target_bow_f1__full,41,0,0.0513520905845937,,37,600,3,0.1,0.6,1.0,5,0.1,0.0,1.0,0,5.0,2.0,50.0
target_bow_f1__full,42,0,0.050702861796795805,,141,800,6,0.05,1.0,0.6,3,0.0,0.0,2.0,0,5.0,2.0,50.0
target_bow_f1__full,43,0,0.04796914206388434,,103,1600,6,0.05,0.6,0.6,5,0.0,0.0,0.5,0,5.0,2.0,50.0
target_bow_f1__full,44,0,0.051042377637272075,,451,1000,4,0.01,0.8,1.0,3,0.1,0.0,2.0,0,5.0,2.0,50.0
target_bow_f1__full,45,0,0.05384933193195747,,394,1000,3,0.02,0.6,0.8,3,0.3,0.5,0.5,0,5.0,2.0,50.0
target_bow_f1__full,46,0,0.05426554638116402,,106,400,4,0.03,1.0,0.6,3,0.3,0.0,2.0,0,5.0,2.0,50.0
target_bow_f1__full,47,0,0.051015365372992214,,209,1200,3,0.02,0.6,0.6,3,0.0,0.0,0.5,0,5.0,2.0,50.0
target_bow_f1__full,48,0,0.051874479423205715,,48,1200,4,0.1,0.8,0.8,10,0.1,0.0,2.0,0,5.0,2.0,50.0
target_bow_f1__full,49,0,0.05380826351436586,,408,1000,4,0.02,0.6,0.6,3,0.3,0.1,0.5,0,5.0,2.0,50.0
target_bow_f1__full,50,0,0.05199029464796229,,134,800,5,0.1,1.0,1.0,10,0.0,0.5,0.5,0,5.0,2.0,50.0
target_bow_f1__full,51,0,0.053557481967253594,,366,400,5,0.01,0.8,0.6,5,0.3,0.0,1.0,0,5.0,2.0,50.0
target_bow_f1__full,52,0,0.049887747160107354,,202,400,3,0.1,0.8,1.0,1,0.0,0.1,2.0,0,5.0,2.0,50.0
target_bow_f1__full,53,0,0.050538701929147625,,191,400,4,0.03,0.6,0.6,10,0.0,0.0,0.5,0,5.0,2.0,50.0
target_bow_f1__full,54,0,0.05030711706502068,,95,600,5,0.05,1.0,0.6,3,0.0,0.0,0.5,0,5.0,2.0,50.0
target_bow_f1__full,55,0,0.05361147385783681,,408,1600,4,0.02,0.6,0.6,5,0.3,0.1,1.0,0,5.0,2.0,50.0
target_bow_f1__full,56,0,0.05552785947146493,,29,1600,6,0.1,1.0,1.0,1,0.3,0.5,1.0,0,5.0,2.0,50.0
target_bow_f1__full,57,0,0.05508783074574457,,33,800,7,0.1,1.0,1.0,3,0.1,0.5,2.0,0,5.0,2.0,50.0
target_bow_f1__full,58,0,0.049430477705267324,,39,800,6,0.1,0.8,1.0,10,0.0,0.0,1.0,0,5.0,2.0,50.0
target_bow_f1__full,59,0,0.050908751313600314,,515,800,7,0.01,0.8,0.8,1,0.1,0.0,0.5,0,5.0,2.0,50.0
target_bow_f1__full,60,0,0.05430308719977759,,397,400,4,0.01,0.6,0.6,5,0.3,0.0,0.5,0,5.0,2.0,50.0
target_bow_f1__full,61,0,0.0540838311882579,,57,600,6,0.05,1.0,1.0,3,0.3,0.1,1.0,0,5.0,2.0,50.0
target_bow_f1__full,62,0,0.05173586313939798,,40,400,4,0.1,0.8,0.8,3,0.0,0.1,1.0,0,5.0,2.0,50.0
target_bow_f1__full,63,0,0.05509751540159438,,102,800,3,0.03,1.0,0.8,1,0.3,0.5,2.0,0,5.0,2.0,50.0
target_bow_f1__full,64,0,0.050608216776642366,,100,600,3,0.05,0.6,0.6,1,0.1,0.1,2.0,0,5.0,2.0,50.0
target_bow_f1__full,65,0,0.050845932763485854,,52,400,3,0.1,0.6,0.6,5,0.0,0.0,0.5,0,5.0,2.0,50.0
target_bow_f1__full,66,0,0.05125983308528047,,197,1200,6,0.02,1.0,0.6,5,0.0,0.0,1.0,0,5.0,2.0,50.0
target_bow_f1__full,67,0,0.05294581038214806,,523,1000,4,0.01,0.6,0.6,5,0.3,0.1,1.0,0,5.0,2.0,50.0
target_bow_f1__full,68,0,0.05138191271603637,,236,400,5,0.03,0.6,0.6,10,0.1,0.5,0.5,0,5.0,2.0,50.0
target_bow_f1__full,69,0,0.05044607209687594,,199,1000,5,0.02,1.0,0.8,3,0.0,0.1,1.0,0,5.0,2.0,50.0
target_bow_f1__full,70,0,0.05334011326564101,,510,600,4,0.01,0.6,0.8,10,0.3,0.0,1.0,0,5.0,2.0,50.0
target_bow_f1__full,71,0,0.05099108868096575,,110,1200,3,0.1,0.8,0.6,3,0.0,0.1,2.0,0,5.0,2.0,50.0
target_bow_f1__full,72,0,0.0522926359858734,,116,400,5,0.03,1.0,0.8,10,0.1,0.1,1.0,0,5.0,2.0,50.0
target_bow_f1__full,73,0,0.0548911146003678,,139,400,7,0.03,0.6,0.8,10,0.3,0.1,2.0,0,5.0,2.0,50.0
target_bow_f1__full,74,0,0.04910705625966577,,81,1600,6,0.1,0.6,1.0,1,0.0,0.5,2.0,0,5.0,2.0,50.0
target_bow_f1__full,75,0,0.05529010099180712,,125,400,7,0.1,0.6,0.6,10,0.3,0.5,2.0,0,5.0,2.0,50.0
target_bow_f1__full,76,0,0.04997716495650252,,368,1600,6,0.05,0.6,0.8,3,0.0,0.5,0.5,0,5.0,2.0,50.0
target_bow_f1__full,77,0,0.05174911360633586,,39,800,3,0.1,1.0,0.8,1,0.0,0.1,2.0,0,5.0,2.0,50.0
target_bow_f1__full,78,0,0.051825450759288,,730,1600,4,0.01,0.8,0.6,1,0.1,0.5,1.0,0,5.0,2.0,50.0
target_bow_f1__full,79,0,0.04967503256043977,,369,1600,5,0.01,0.8,0.6,5,0.0,0.0,1.0,0,5.0,2.0,50.0
target_bow_f1__full,80,0,0.05120892952997071,,399,400,3,0.01,1.0,0.8,10,0.0,0.0,1.0,0,5.0,2.0,50.0
target_bow_f1__full,81,0,0.05099513921190538,,146,1600,5,0.05,0.6,0.6,10,0.1,0.0,0.5,0,5.0,2.0,50.0
target_bow_f1__full,82,0,0.055266120791372705,,152,1600,6,0.02,1.0,1.0,10,0.3,0.5,2.0,0,5.0,2.0,50.0
target_bow_f1__full,83,0,0.04992893059004772,,108,600,7,0.1,0.6,0.8,1,0.1,0.1,2.0,0,5.0,2.0,50.0
target_bow_f1__full,84,0,0.04966414603464501,,118,400,4,0.1,0.6,0.6,5,0.0,0.5,2.0,0,5.0,2.0,50.0
target_bow_f1__full,85,0,0.053606488543922956,,275,600,7,0.02,0.6,0.8,1,0.3,0.0,2.0,0,5.0,2.0,50.0
target_bow_f1__full,86,0,0.05405412726913776,,99,600,4,0.1,0.8,1.0,3,0.3,0.0,1.0,0,5.0,2.0,50.0
target_bow_f1__full,87,0,0.052776660746349874,,167,600,6,0.02,1.0,1.0,3,0.1,0.1,0.5,0,5.0,2.0,50.0
target_bow_f1__full,88,0,0.05165590689102826,,110,1000,7,0.05,0.8,1.0,5,0.1,0.1,0.5,0,5.0,2.0,50.0
target_bow_f1__full,89,0,0.051764344544625154,,200,400,5,0.02,0.6,1.0,5,0.1,0.0,2.0,0,5.0,2.0,50.0
target_bow_f1__full,90,0,0.05064080415914131,,143,1600,3,0.03,0.6,0.8,5,0.0,0.5,0.5,0,5.0,2.0,50.0
target_bow_f1__full,91,0,0.05285560588839624,,877,1600,3,0.01,0.8,0.6,5,0.3,0.0,2.0,0,5.0,2.0,50.0
target_bow_f1__full,92,0,0.05095748994620636,,39,1600,5,0.1,1.0,0.8,3,0.0,0.0,1.0,0,5.0,2.0,50.0
target_bow_f1__full,93,0,0.05243754698563074,,333,800,4,0.01,1.0,1.0,5,0.1,0.0,0.5,0,5.0,2.0,50.0
target_bow_f1__full,94,0,0.051250895730935345,,33,1600,4,0.1,1.0,0.8,3,0.1,0.0,0.5,0,5.0,2.0,50.0
target_bow_f1__full,95,0,0.05378799276480363,,60,1200,5,0.05,1.0,0.6,3,0.3,0.1,2.0,0,5.0,2.0,50.0
target_bow_f1__full,96,0,0.04952656663003001,,73,1200,4,0.1,0.8,1.0,5,0.0,0.1,0.5,0,5.0,2.0,50.0
target_bow_f1__full,97,0,0.054565543658534915,,28,1600,4,0.1,1.0,0.8,1,0.3,0.1,2.0,0,5.0,2.0,50.0
target_bow_f1__full,98,0,0.04948727703530479,,67,1600,5,0.1,0.6,0.8,10,0.0,0.1,1.0,0,5.0,2.0,50.0
target_bow_f1__full,99,0,0.05084831500855748,,69,1200,6,0.1,0.6,0.6,3,0.0,0.1,2.0,0,5.0,2.0,50.0
target_bow_f1__full,100,0,0.050542871865373803,,228,800,3,0.03,0.6,0.8,1,0.0,0.0,1.0,0,5.0,2.0,50.0
target_bow_f1__full,43,1,0.04796914206388434,,103,1600,6,0.05,0.6,0.6,5,0.0,0.0,0.5,0,5.0,2.0,50.0
target_bow_precision__full,1,0,0.043351375013457136,,383,1000,5,0.05,1.0,0.8,1,0.0,0.1,1.0,0,5.0,2.0,50.0
target_bow_precision__full,2,0,0.050685744673530105,,24,1600,5,0.1,1.0,0.8,3,0.3,0.1,0.5,0,5.0,2.0,50.0
target_bow_precision__full,3,0,0.04710115993792186,,152,800,7,0.1,0.8,0.8,10,0.1,0.0,1.0,0,5.0,2.0,50.0
target_bow_precision__full,4,0,0.04686208060655537,,233,1000,7,0.03,0.6,1.0,5,0.1,0.0,0.5,0,5.0,2.0,50.0
target_bow_precision__full,5,0,0.04507878529097141,,220,400,3,0.03,0.8,1.0,10,0.0,0.1,2.0,0,5.0,2.0,50.0
target_bow_precision__full,6,0,0.04632731243975592,,270,1200,4,0.02,0.8,0.6,5,0.1,0.0,0.5,0,5.0,2.0,50.0
target_bow_precision__full,7,0,0.04671625162973517,,588,600,5,0.01,0.6,1.0,3,0.1,0.5,1.0,0,5.0,2.0,50.0
target_bow_precision__full,8,0,0.047121531804450216,,303,1200,5,0.01,1.0,0.8,3,0.1,0.1,0.5,0,5.0,2.0,50.0
target_bow_precision__full,9,0,0.05051466493320639,,256,1200,5,0.01,1.0,0.8,1,0.3,0.1,1.0,0,5.0,2.0,50.0
target_bow_precision__full,10,0,0.04726025467838572,,230,1000,6,0.05,0.8,0.8,3,0.1,0.0,2.0,0,5.0,2.0,50.0
target_bow_precision__full,11,0,0.0461359044928929,,217,1600,6,0.03,0.8,0.8,1,0.1,0.1,1.0,0,5.0,2.0,50.0
target_bow_precision__full,12,0,0.0469729231098235,,94,600,7,0.1,0.6,0.6,3,0.0,0.0,0.5,0,5.0,2.0,50.0
target_bow_precision__full,13,0,0.04654940159815952,,123,600,3,0.1,0.6,0.6,10,0.0,0.0,2.0,0,5.0,2.0,50.0
target_bow_precision__full,14,0,0.04491460320373725,,188,400,7,0.03,0.8,0.6,10,0.0,0.1,2.0,0,5.0,2.0,50.0
target_bow_precision__full,15,0,0.048560077110223615,,349,1000,6,0.03,0.8,0.6,1,0.3,0.0,2.0,0,5.0,2.0,50.0
target_bow_precision__full,16,0,0.04513674887922609,,565,600,4,0.01,0.6,0.8,10,0.0,0.0,0.5,0,5.0,2.0,50.0
target_bow_precision__full,17,0,0.04806898710633495,,108,400,6,0.03,1.0,1.0,10,0.1,0.5,1.0,0,5.0,2.0,50.0
target_bow_precision__full,18,0,0.045558265874615714,,124,1200,5,0.1,1.0,0.8,3,0.0,0.0,2.0,0,5.0,2.0,50.0
target_bow_precision__full,19,0,0.0492597080709724,,518,1000,7,0.01,0.8,0.8,10,0.3,0.0,1.0,0,5.0,2.0,50.0
target_bow_precision__full,20,0,0.04518684871996689,,54,600,6,0.1,0.6,1.0,3,0.0,0.1,2.0,0,5.0,2.0,50.0
target_bow_precision__full,21,0,0.047439750872513016,,353,600,3,0.01,1.0,0.8,10,0.1,0.5,1.0,0,5.0,2.0,50.0
target_bow_precision__full,22,0,0.0511324454193753,,261,1000,7,0.01,1.0,0.8,10,0.3,0.5,1.0,0,5.0,2.0,50.0
target_bow_precision__full,23,0,0.04683344722552266,,163,600,4,0.02,1.0,1.0,3,0.1,0.5,0.5,0,5.0,2.0,50.0
target_bow_precision__full,24,0,0.04477144635001276,,42,1600,4,0.1,0.6,0.8,1,0.0,0.1,1.0,0,5.0,2.0,50.0
target_bow_precision__full,25,0,0.04422378993014649,,80,600,7,0.05,0.6,0.8,10,0.0,0.1,2.0,0,5.0,2.0,50.0
target_bow_precision__full,26,0,0.05059872613138455,,49,800,5,0.05,1.0,0.8,10,0.3,0.1,1.0,0,5.0,2.0,50.0
target_bow_precision__full,27,0,0.04667758744702516,,541,600,6,0.01,0.6,0.6,3,0.1,0.0,2.0,0,5.0,2.0,50.0
target_bow_precision__full,28,0,0.04339864602561488,,1196,1200,5,0.01,0.8,0.6,3,0.0,0.5,2.0,0,5.0,2.0,50.0
target_bow_precision__full,29,0,0.0455171767678094,,52,400,6,0.1,0.8,0.6,10,0.0,0.0,0.5,0,5.0,2.0,50.0
target_bow_precision__full,30,0,0.05108377590374743,,266,1200,4,0.01,1.0,0.8,3,0.3,0.5,0.5,0,5.0,2.0,50.0
target_bow_precision__full,31,0,0.04482981970754587,,309,400,6,0.05,0.8,0.6,1,0.0,0.1,0.5,0,5.0,2.0,50.0
target_bow_precision__full,32,0,0.049735429825966335,,511,800,7,0.01,0.8,1.0,1,0.3,0.0,0.5,0,5.0,2.0,50.0
target_bow_precision__full,33,0,0.04324875744189293,,415,800,4,0.03,1.0,0.8,5,0.0,0.5,2.0,0,5.0,2.0,50.0
target_bow_precision__full,34,0,0.0442314818131706,,519,1600,6,0.02,0.8,0.6,5,0.0,0.1,0.5,0,5.0,2.0,50.0
target_bow_precision__full,35,0,0.04771204263493788,,96,1600,4,0.05,0.6,0.8,10,0.1,0.5,0.5,0,5.0,2.0,50.0
target_bow_precision__full,36,0,0.04988334666898039,,105,1600,7,0.1,0.6,0.8,3,0.3,0.5,1.0,0,5.0,2.0,50.0
target_bow_precision__full,37,0,0.04758456925735143,,165,1000,5,0.02,1.0,0.8,1,0.1,0.5,1.0,0,5.0,2.0,50.0
target_bow_precision__full,38,0,0.04563520281234325,,35,1200,7,0.1,0.8,0.6,5,0.1,0.1,2.0,0,5.0,2.0,50.0
target_bow_precision__full,39,0,0.05161748112555631,,26,1200,7,0.1,1.0,0.8,10,0.3,0.5,0.5,0,5.0,2.0,50.0
target_bow_precision__full,40,0,0.05060918653111873,,49,1200,6,0.05,1.0,0.8,3,0.3,0.0,0.5,0,5.0,2.0,50.0
target_bow_precision__full,41,0,0.04812612946345129,,69,400,7,0.05,1.0,0.6,5,0.1,0.5,2.0,0,5.0,2.0,50.0
target_bow_precision__full,42,0,0.04618990638313129,,81,600,3,0.1,0.6,0.6,3,0.0,0.0,1.0,0,5.0,2.0,50.0
target_bow_precision__full,43,0,0.04439181786240914,,205,800,4,0.03,0.6,0.8,10,0.0,0.0,2.0,0,5.0,2.0,50.0
target_bow_precision__full,44,0,0.046739730527219046,,329,800,6,0.01,1.0,0.6,5,0.1,0.5,1.0,0,5.0,2.0,50.0
target_bow_precision__full,45,0,0.04550028099908129,,61,600,6,0.1,1.0,0.8,3,0.0,0.1,2.0,0,5.0,2.0,50.0
target_bow_precision__full,46,0,0.0510248450792424,,461,600,4,0.01,0.6,1.0,5,0.3,0.5,1.0,0,5.0,2.0,50.0
target_bow_precision__full,47,0,0.05028295825441883,,372,600,7,0.01,0.6,1.0,1,0.3,0.1,2.0,0,5.0,2.0,50.0
target_bow_precision__full,48,0,0.04467592575512912,,270,400,6,0.05,1.0,1.0,3,0.0,0.5,1.0,0,5.0,2.0,50.0
target_bow_precision__full,49,0,0.047277718910610535,,108,1600,3,0.05,0.6,0.8,1,0.1,0.1,1.0,0,5.0,2.0,50.0
target_bow_precision__full,50,0,0.04949180142961111,,426,1600,7,0.02,0.6,0.8,10,0.3,0.0,2.0,0,5.0,2.0,50.0
target_bow_precision__full,51,0,0.047460539175244947,,103,1600,3,0.1,0.6,0.6,10,0.1,0.0,1.0,0,5.0,2.0,50.0
target_bow_precision__full,52,0,0.04417268033948104,,307,400,6,0.02,0.8,0.8,3,0.0,0.0,2.0,0,5.0,2.0,50.0
target_bow_precision__full,53,0,0.04945159000504364,,174,400,4,0.1,0.6,0.8,10,0.3,0.0,2.0,0,5.0,2.0,50.0
target_bow_precision__full,54,0,0.04528396919239747,,422,1200,7,0.02,1.0,0.8,3,0.0,0.1,0.5,0,5.0,2.0,50.0
target_bow_precision__full,55,0,0.04585220522857333,,75,400,4,0.1,1.0,1.0,3,0.0,0.0,1.0,0,5.0,2.0,50.0
target_bow_precision__full,56,0,0.050520315039713756,,86,800,7,0.03,1.0,1.0,10,0.3,0.1,1.0,0,5.0,2.0,50.0
target_bow_precision__full,57,0,0.04465744618332207,,347,800,3,0.02,0.8,0.8,3,0.0,0.0,0.5,0,5.0,2.0,50.0
target_bow_precision__full,58,0,0.04350482293652202,,923,1200,4,0.01,0.6,0.8,5,0.0,0.1,2.0,0,5.0,2.0,50.0
target_bow_precision__full,59,0,0.051160984049950814,,133,600,6,0.02,1.0,0.8,1,0.3,0.5,2.0,0,5.0,2.0,50.0
target_bow_precision__full,60,0,0.04491032835501783,,213,1200,5,0.05,1.0,0.6,1,0.0,0.0,2.0,0,5.0,2.0,50.0
target_bow_precision__full,61,0,0.04604035321917398,,139,1600,6,0.03,0.8,0.8,5,0.0,0.0,0.5,0,5.0,2.0,50.0
target_bow_precision__full,62,0,0.044074394376861684,,399,400,7,0.02,0.6,1.0,10,0.0,0.5,0.5,0,5.0,2.0,50.0
target_bow_precision__full,63,0,0.051187056679926055,,128,400,7,0.02,1.0,0.8,3,0.3,0.5,1.0,0,5.0,2.0,50.0
target_bow_precision__full,64,0,0.04358655706415783,,216,600,5,0.05,0.8,0.6,5,0.0,0.5,0.5,0,5.0,2.0,50.0
target_bow_precision__full,65,0,0.04576596408715435,,647,1000,5,0.03,0.6,0.6,3,0.1,0.5,1.0,0,5.0,2.0,50.0
target_bow_precision__full,66,0,0.04711299738767735,,518,1200,7,0.01,0.8,0.6,1,0.1,0.0,0.5,0,5.0,2.0,50.0
target_bow_precision__full,67,0,0.04661592088907991,,321,800,3,0.05,0.8,0.6,3,0.1,0.5,0.5,0,5.0,2.0,50.0
target_bow_precision__full,68,0,0.042878055877953146,,159,800,6,0.05,0.8,0.6,10,0.0,0.5,0.5,0,5.0,2.0,50.0
target_bow_precision__full,69,0,0.04648579895531036,,275,800,7,0.02,0.8,1.0,10,0.1,0.5,2.0,0,5.0,2.0,50.0
target_bow_precision__full,70,0,0.0490702165702282,,234,600,4,0.05,0.8,0.6,1,0.3,0.1,2.0,0,5.0,2.0,50.0
target_bow_precision__full,71,0,0.04405820709610448,,203,800,4,0.05,0.8,0.8,10,0.0,0.5,2.0,0,5.0,2.0,50.0
target_bow_precision__full,72,0,0.049409918887296574,,134,600,5,0.05,0.8,0.6,3,0.3,0.0,1.0,0,5.0,2.0,50.0
target_bow_precision__full,73,0,0.049174595526425946,,149,1600,3,0.1,0.6,0.6,5,0.3,0.1,2.0,0,5.0,2.0,50.0
target_bow_precision__full,74,0,0.04332471844173463,,215,600,4,0.05,0.6,1.0,5,0.0,0.5,2.0,0,5.0,2.0,50.0
target_bow_precision__full,75,0,0.04747958758450298,,102,400,3,0.1,0.8,0.6,3,0.1,0.1,1.0,0,5.0,2.0,50.0
target_bow_precision__full,76,0,0.04892765721027201,,349,1600,4,0.03,0.6,0.6,10,0.3,0.1,1.0,0,5.0,2.0,50.0
target_bow_precision__full,77,0,0.045065963820018734,,413,1600,7,0.02,0.6,1.0,10,0.1,0.1,2.0,0,5.0,2.0,50.0
target_bow_precision__full,78,0,0.04340128544503693,,357,800,3,0.03,0.6,1.0,10,0.0,0.5,0.5,0,5.0,2.0,50.0
target_bow_precision__full,79,0,0.05029715312505045,,518,800,5,0.01,0.8,0.6,5,0.3,0.5,1.0,0,5.0,2.0,50.0
target_bow_precision__full,80,0,0.0492834083620611,,85,400,4,0.1,0.6,0.6,3,0.3,0.0,0.5,0,5.0,2.0,50.0
target_bow_precision__full,81,0,0.04723484811083128,,348,400,3,0.01,1.0,0.8,5,0.1,0.5,1.0,0,5.0,2.0,50.0
target_bow_precision__full,82,0,0.046776814164980605,,129,400,5,0.05,0.8,1.0,5,0.1,0.1,0.5,0,5.0,2.0,50.0
target_bow_precision__full,83,0,0.048820493179523,,492,1200,3,0.02,0.6,0.6,5,0.3,0.0,2.0,0,5.0,2.0,50.0
target_bow_precision__full,84,0,0.04692948399668567,,211,400,7,0.1,0.8,0.6,5,0.1,0.1,0.5,0,5.0,2.0,50.0
target_bow_precision__full,85,0,0.04348241120737591,,502,1200,5,0.02,0.6,0.6,10,0.0,0.5,1.0,0,5.0,2.0,50.0
target_bow_precision__full,86,0,0.048065679486631735,,101,1200,3,0.1,0.8,0.6,3,0.1,0.0,2.0,0,5.0,2.0,50.0
target_bow_precision__full,87,0,0.044848363600437105,,235,800,5,0.02,0.6,1.0,10,0.0,0.1,0.5,0,5.0,2.0,50.0
target_bow_precision__full,88,0,0.044099982821273344,,293,600,7,0.02,0.8,0.6,10,0.0,0.1,0.5,0,5.0,2.0,50.0
target_bow_precision__full,89,0,0.04743673463125203,,32,1000,7,0.1,1.0,0.6,5,0.1,0.5,0.5,0,5.0,2.0,50.0
target_bow_precision__full,90,0,0.04716958157812351,,114,400,7,0.1,0.8,1.0,1,0.0,0.0,1.0,0,5.0,2.0,50.0
target_bow_precision__full,91,0,0.04412381334305152,,464,600,6,0.05,0.8,0.6,5,0.0,0.1,2.0,0,5.0,2.0,50.0
target_bow_precision__full,92,0,0.04900119877821961,,185,800,6,0.1,0.8,0.8,5,0.3,0.0,2.0,0,5.0,2.0,50.0
target_bow_precision__full,93,0,0.04719353658491067,,192,1200,5,0.1,0.8,0.8,1,0.1,0.1,2.0,0,5.0,2.0,50.0
target_bow_precision__full,94,0,0.04262291176298262,,883,1600,3,0.02,0.8,0.6,1,0.0,0.5,1.0,0,5.0,2.0,50.0
target_bow_precision__full,95,0,0.04641212779417058,,111,400,6,0.03,1.0,0.6,5,0.1,0.5,1.0,0,5.0,2.0,50.0
target_bow_precision__full,96,0,0.04265725984226994,,1088,1200,4,0.01,0.6,1.0,3,0.0,0.5,1.0,0,5.0,2.0,50.0
target_bow_precision__full,97,0,0.046077569576374336,,268,600,5,0.02,0.8,0.8,3,0.1,0.1,1.0,0,5.0,2.0,50.0
target_bow_precision__full,98,0,0.04986996567199487,,608,1000,6,0.02,0.6,0.8,10,0.3,0.5,1.0,0,5.0,2.0,50.0
target_bow_precision__full,99,0,0.04441104861250445,,166,600,7,0.1,0.8,0.8,10,0.0,0.5,0.5,0,5.0,2.0,50.0
target_bow_precision__full,100,0,0.04473848631919873,,117,800,6,0.05,0.6,0.8,10,0.0,0.1,0.5,0,5.0,2.0,50.0
target_bow_precision__full,94,1,0.04262291176298262,,883,1600,3,0.02,0.8,0.6,1,0.0,0.5,1.0,0,5.0,2.0,50.0
target_bow_recall__full,1,0,0.05661782693127826,,165,800,7,0.02,1.0,1.0,3,0.1,0.1,1.0,0,5.0,2.0,50.0
target_bow_recall__full,2,0,0.06209500499493985,,55,1600,6,0.05,1.0,0.6,10,0.3,0.5,0.5,0,5.0,2.0,50.0
target_bow_recall__full,3,0,0.060989639358119054,,397,400,5,0.02,0.6,1.0,3,0.3,0.1,0.5,0,5.0,2.0,50.0
target_bow_recall__full,4,0,0.06221880097326139,,284,1000,5,0.05,0.8,0.6,5,0.3,0.5,1.0,0,5.0,2.0,50.0
target_bow_recall__full,5,0,0.06252597346287488,,150,400,7,0.05,0.8,0.6,5,0.3,0.5,0.5,0,5.0,2.0,50.0
target_bow_recall__full,6,0,0.05827356208482795,,138,1200,6,0.1,0.6,0.6,5,0.1,0.0,2.0,0,5.0,2.0,50.0
target_bow_recall__full,7,0,0.06385560568565973,,125,1200,4,0.1,0.6,1.0,10,0.3,0.5,2.0,0,5.0,2.0,50.0
target_bow_recall__full,8,0,0.0566143609768879,,559,600,7,0.01,0.8,0.8,10,0.1,0.1,2.0,0,5.0,2.0,50.0
target_bow_recall__full,9,0,0.06088175041767075,,397,400,4,0.03,0.8,0.8,1,0.3,0.0,2.0,0,5.0,2.0,50.0
target_bow_recall__full,10,0,0.05846532097508249,,30,1600,4,0.1,1.0,0.8,10,0.1,0.0,0.5,0,5.0,2.0,50.0
target_bow_recall__full,11,0,0.06148843581160739,,91,1000,4,0.03,1.0,0.8,3,0.3,0.5,0.5,0,5.0,2.0,50.0
target_bow_recall__full,12,0,0.06159016498878342,,92,600,7,0.03,1.0,0.8,5,0.3,0.1,2.0,0,5.0,2.0,50.0
target_bow_recall__full,13,0,0.053904323227959496,,594,1600,3,0.02,0.6,0.8,1,0.0,0.5,2.0,0,5.0,2.0,50.0
target_bow_recall__full,14,0,0.05899758582425871,,288,600,5,0.02,0.6,0.6,3,0.1,0.5,1.0,0,5.0,2.0,50.0
target_bow_recall__full,15,0,0.053691664470782635,,210,1200,5,0.03,1.0,0.6,3,0.0,0.0,1.0,0,5.0,2.0,50.0
target_bow_recall__full,16,0,0.056409510619026784,,539,1200,4,0.03,0.8,1.0,3,0.1,0.0,0.5,0,5.0,2.0,50.0
target_bow_recall__full,17,0,0.061754885689151516,,206,1200,3,0.03,0.8,1.0,10,0.3,0.0,2.0,0,5.0,2.0,50.0
target_bow_recall__full,18,0,0.05383632166350504,,194,1600,5,0.05,0.6,0.8,10,0.0,0.0,1.0,0,5.0,2.0,50.0
target_bow_recall__full,19,0,0.053373272981059205,,389,1200,4,0.03,0.6,1.0,5,0.0,0.5,1.0,0,5.0,2.0,50.0
target_bow_recall__full,20,0,0.061594902193719867,,452,1600,3,0.02,0.8,0.8,1,0.3,0.5,1.0,0,5.0,2.0,50.0
target_bow_recall__full,21,0,0.05824263624226155,,276,800,5,0.03,0.6,1.0,5,0.1,0.5,1.0,0,5.0,2.0,50.0
target_bow_recall__full,22,0,0.056976809885999194,,185,600,5,0.02,1.0,0.6,10,0.1,0.0,1.0,0,5.0,2.0,50.0
target_bow_recall__full,23,0,0.06218569801130285,,91,1000,3,0.03,1.0,0.8,3,0.3,0.1,0.5,0,5.0,2.0,50.0
target_bow_recall__full,24,0,0.05899943920650265,,133,400,6,0.05,0.8,0.8,3,0.3,0.0,2.0,0,5.0,2.0,50.0
target_bow_recall__full,25,0,0.05756236021784841,,659,1200,4,0.01,0.6,0.8,1,0.1,0.0,1.0,0,5.0,2.0,50.0
target_bow_recall__full,26,0,0.05485673754382584,,138,1600,5,0.1,0.6,0.6,1,0.0,0.1,1.0,0,5.0,2.0,50.0
target_bow_recall__full,27,0,0.0614986204793313,,133,600,6,0.02,1.0,0.8,3,0.3,0.1,0.5,0,5.0,2.0,50.0
target_bow_recall__full,28,0,0.053593706881837955,,652,1000,4,0.02,0.6,0.6,3,0.0,0.1,1.0,0,5.0,2.0,50.0
target_bow_recall__full,29,0,0.05375586597415231,,222,1200,3,0.1,1.0,1.0,10,0.0,0.5,1.0,0,5.0,2.0,50.0
target_bow_recall__full,30,0,0.0576583797254393,,31,600,7,0.1,1.0,1.0,3,0.1,0.0,1.0,0,5.0,2.0,50.0
target_bow_recall__full,31,0,0.057527983704557376,,315,800,3,0.02,0.6,1.0,3,0.1,0.0,1.0,0,5.0,2.0,50.0
target_bow_recall__full,32,0,0.05687316267923949,,155,600,5,0.03,0.6,1.0,3,0.1,0.1,2.0,0,5.0,2.0,50.0
target_bow_recall__full,33,0,0.05370681032592383,,269,1600,4,0.05,1.0,0.8,10,0.0,0.5,0.5,0,5.0,2.0,50.0
target_bow_recall__full,34,0,0.056547476202085604,,103,1200,4,0.1,0.8,1.0,3,0.0,0.0,0.5,0,5.0,2.0,50.0
target_bow_recall__full,35,0,0.06390434970303319,,399,400,4,0.01,0.6,0.8,3,0.3,0.5,1.0,0,5.0,2.0,50.0
target_bow_recall__full,36,0,0.05823666794848875,,216,600,4,0.03,0.6,0.6,5,0.1,0.1,1.0,0,5.0,2.0,50.0
target_bow_recall__full,37,0,0.06176135196791745,,156,600,5,0.05,0.8,0.6,10,0.3,0.1,0.5,0,5.0,2.0,50.0
target_bow_recall__full,38,0,0.05521111457958384,,308,1000,7,0.03,0.6,0.8,10,0.1,0.1,0.5,0,5.0,2.0,50.0
target_bow_recall__full,39,0,0.05640546851659937,,163,1000,7,0.02,1.0,1.0,3,0.1,0.0,0.5,0,5.0,2.0,50.0
target_bow_recall__full,40,0,0.057380057865988446,,110,800,4,0.03,1.0,0.8,10,0.1,0.1,1.0,0,5.0,2.0,50.0
target_bow_recall__full,41,0,0.05616978803633989,,144,1000,5,0.05,0.8,1.0,3,0.1,0.1,2.0,0,5.0,2.0,50.0
target_bow_recall__full,42,0,0.06093263610735316,,91,1600,4,0.03,1.0,1.0,1,0.3,0.1,2.0,0,5.0,2.0,50.0
target_bow_recall__full,43,0,0.058331841139253326,,197,800,4,0.05,0.8,0.6,1,0.1,0.0,2.0,0,5.0,2.0,50.0
target_bow_recall__full,44,0,0.05193125780918682,,999,1000,6,0.01,0.8,1.0,3,0.0,0.5,1.0,0,5.0,2.0,50.0
target_bow_recall__full,45,0,0.05130784313435005,,612,1200,7,0.02,0.6,0.8,10,0.0,0.5,1.0,0,5.0,2.0,50.0
target_bow_recall__full,46,0,0.05868073821731455,,397,400,4,0.02,0.6,0.8,1,0.1,0.5,0.5,0,5.0,2.0,50.0
target_bow_recall__full,47,0,0.06363041929197236,,212,400,7,0.03,0.6,0.6,1,0.3,0.5,1.0,0,5.0,2.0,50.0
target_bow_recall__full,48,0,0.06218869126709351,,377,1200,4,0.02,0.6,1.0,1,0.3,0.0,0.5,0,5.0,2.0,50.0
target_bow_recall__full,49,0,0.06124267391304557,,396,400,7,0.02,0.8,0.6,5,0.3,0.5,2.0,0,5.0,2.0,50.0
target_bow_recall__full,50,0,0.06224688961171031,,280,1200,7,0.05,0.6,0.8,5,0.3,0.1,2.0,0,5.0,2.0,50.0
target_bow_recall__full,51,0,0.05747844566084502,,583,600,5,0.01,0.8,1.0,3,0.1,0.5,1.0,0,5.0,2.0,50.0
target_bow_recall__full,52,0,0.05403532331293091,,399,400,5,0.01,1.0,1.0,10,0.0,0.1,1.0,0,5.0,2.0,50.0
target_bow_recall__full,53,0,0.05666199491354728,,107,1600,4,0.03,1.0,0.8,1,0.1,0.0,0.5,0,5.0,2.0,50.0
target_bow_recall__full,54,0,0.051858449409972,,312,1000,7,0.05,1.0,1.0,5,0.0,0.1,0.5,0,5.0,2.0,50.0
target_bow_recall__full,55,0,0.06501828135576918,,366,1000,3,0.02,0.6,0.6,1,0.3,0.5,0.5,0,5.0,2.0,50.0
target_bow_recall__full,56,0,0.06356033807274555,,134,800,6,0.05,0.6,0.6,5,0.3,0.1,1.0,0,5.0,2.0,50.0
target_bow_recall__full,57,0,0.0560503021525629,,82,1600,6,0.1,0.8,1.0,5,0.1,0.0,1.0,0,5.0,2.0,50.0
target_bow_recall__full,58,0,0.05635942374769484,,318,800,7,0.01,1.0,0.8,5,0.1,0.0,1.0,0,5.0,2.0,50.0
target_bow_recall__full,59,0,0.06123784240873512,,131,800,4,0.02,1.0,0.8,10,0.3,0.1,0.5,0,5.0,2.0,50.0
target_bow_recall__full,60,0,0.060457877288317044,,329,800,7,0.03,0.8,0.8,1,0.3,0.0,2.0,0,5.0,2.0,50.0
target_bow_recall__full,61,0,0.06220073668949032,,293,800,6,0.02,0.6,1.0,10,0.3,0.1,0.5,0,5.0,2.0,50.0
target_bow_recall__full,62,0,0.05610585091509619,,330,1200,3,0.02,0.8,0.8,10,0.1,0.0,0.5,0,5.0,2.0,50.0
target_bow_recall__full,63,0,0.06374792490817731,,708,1600,4,0.01,0.6,1.0,10,0.3,0.5,2.0,0,5.0,2.0,50.0
target_bow_recall__full,64,0,0.0616811945090097,,396,400,6,0.03,0.8,0.8,5,0.3,0.5,1.0,0,5.0,2.0,50.0
target_bow_recall__full,65,0,0.05604272687964832,,114,1000,6,0.03,1.0,1.0,1,0.1,0.5,1.0,0,5.0,2.0,50.0
target_bow_recall__full,66,0,0.06296966843885973,,305,400,3,0.01,1.0,0.6,1,0.3,0.5,1.0,0,5.0,2.0,50.0
target_bow_recall__full,67,0,0.057014590389305154,,399,400,3,0.02,0.8,0.8,10,0.1,0.1,1.0,0,5.0,2.0,50.0
target_bow_recall__full,68,0,0.053301178849701654,,483,1600,4,0.03,1.0,0.6,10,0.0,0.5,2.0,0,5.0,2.0,50.0
target_bow_recall__full,69,0,0.052571934715177564,,399,400,4,0.03,1.0,0.8,5,0.0,0.0,0.5,0,5.0,2.0,50.0
target_bow_recall__full,70,0,0.056807052130635936,,67,1000,7,0.05,1.0,0.8,5,0.1,0.1,1.0,0,5.0,2.0,50.0
target_bow_recall__full,71,0,0.06127669344724432,,28,1600,6,0.1,1.0,0.8,1,0.3,0.0,1.0,0,5.0,2.0,50.0
target_bow_recall__full,72,0,0.05177832353404596,,1043,1200,5,0.01,0.8,1.0,10,0.0,0.5,2.0,0,5.0,2.0,50.0
target_bow_recall__full,73,0,0.061898507658747146,,290,1200,7,0.01,1.0,1.0,3,0.3,0.5,2.0,0,5.0,2.0,50.0
target_bow_recall__full,74,0,0.061604589076481954,,94,1000,7,0.1,0.6,1.0,5,0.3,0.0,0.5,0,5.0,2.0,50.0
target_bow_recall__full,75,0,0.06277969747292769,,31,1200,5,0.1,1.0,0.8,1,0.3,0.5,0.5,0,5.0,2.0,50.0
target_bow_recall__full,76,0,0.06302475586282001,,394,400,3,0.01,0.8,0.8,5,0.3,0.5,0.5,0,5.0,2.0,50.0
target_bow_recall__full,77,0,0.06283155546344898,,328,400,5,0.02,0.6,1.0,1,0.3,0.0,1.0,0,5.0,2.0,50.0
target_bow_recall__full,78,0,0.053290596343187134,,477,800,5,0.03,0.6,0.8,3,0.0,0.1,1.0,0,5.0,2.0,50.0
target_bow_recall__full,79,0,0.052347250043848007,,252,600,4,0.05,0.8,1.0,1,0.0,0.5,0.5,0,5.0,2.0,50.0
target_bow_recall__full,80,0,0.05353903380497259,,554,800,6,0.02,0.6,0.6,10,0.0,0.0,2.0,0,5.0,2.0,50.0
target_bow_recall__full,81,0,0.05734071052192554,,68,1200,5,0.05,1.0,0.6,5,0.1,0.0,2.0,0,5.0,2.0,50.0
target_bow_recall__full,82,0,0.053296452344965536,,395,400,4,0.02,0.6,0.8,3,0.0,0.5,0.5,0,5.0,2.0,50.0
target_bow_recall__full,83,0,0.052669557755676485,,276,1600,3,0.05,0.8,1.0,1,0.0,0.5,1.0,0,5.0,2.0,50.0
target_bow_recall__full,84,0,0.05301352275206054,,230,1200,3,0.05,1.0,0.8,1,0.0,0.5,1.0,0,5.0,2.0,50.0
target_bow_recall__full,85,0,0.052904397706746084,,338,800,4,0.02,1.0,0.8,1,0.0,0.0,1.0,0,5.0,2.0,50.0
target_bow_recall__full,86,0,0.05403610930891502,,599,600,7,0.01,0.6,0.6,10,0.0,0.1,1.0,0,5.0,2.0,50.0
target_bow_recall__full,87,0,0.058019105524838285,,36,1200,3,0.1,1.0,0.8,1,0.1,0.5,2.0,0,5.0,2.0,50.0
target_bow_recall__full,88,0,0.056649613272246935,,409,600,5,0.02,0.8,0.8,3,0.1,0.1,2.0,0,5.0,2.0,50.0
target_bow_recall__full,89,0,0.06242540917557305,,501,800,7,0.01,0.8,0.6,3,0.3,0.5,0.5,0,5.0,2.0,50.0
target_bow_recall__full,90,0,0.058245361326631946,,327,1000,5,0.1,0.6,1.0,3,0.1,0.5,1.0,0,5.0,2.0,50.0
target_bow_recall__full,91,0,0.05772927768593067,,197,400,4,0.05,0.8,0.6,1,0.1,0.5,2.0,0,5.0,2.0,50.0
target_bow_recall__full,92,0,0.05362502578809864,,138,800,5,0.1,1.0,0.6,5,0.0,0.0,0.5,0,5.0,2.0,50.0
target_bow_recall__full,93,0,0.05830741747996477,,267,1000,6,0.02,0.6,0.6,1,0.1,0.1,1.0,0,5.0,2.0,50.0
target_bow_recall__full,94,0,0.05391489222325947,,174,1000,6,0.1,0.8,1.0,5,0.0,0.5,2.0,0,5.0,2.0,50.0
target_bow_recall__full,95,0,0.05782269679006312,,220,1600,6,0.05,0.8,0.8,3,0.1,0.0,0.5,0,5.0,2.0,50.0
target_bow_recall__full,96,0,0.05786925146795352,,32,400,7,0.1,1.0,0.8,3,0.1,0.0,0.5,0,5.0,2.0,50.0
target_bow_recall__full,97,0,0.05526503729866276,,103,600,7,0.1,0.6,0.6,5,0.0,0.5,1.0,0,5.0,2.0,50.0
target_bow_recall__full,98,0,0.05410713252804727,,131,1600,4,0.1,0.6,1.0,1,0.0,0.5,0.5,0,5.0,2.0,50.0
target_bow_recall__full,99,0,0.062061277633259714,,93,600,4,0.03,1.0,0.8,3,0.3,0.5,1.0,0,5.0,2.0,50.0
target_bow_recall__full,100,0,0.05734829339275932,,252,600,6,0.05,0.8,0.6,5,0.1,0.5,1.0,0,5.0,2.0,50.0
target_bow_recall__full,45,1,0.05130784313435005,,612,1200,7,0.02,0.6,0.8,10,0.0,0.5,1.0,0,5.0,2.0,50.0
target_map50_line__full,1,0,0.12911211664045508,,344,800,4,0.02,0.6,0.6,10,0.3,0.5,2.0,0,5.0,2.0,50.0
target_map50_line__full,2,0,0.12731331034970902,,53,1000,3,0.1,0.8,0.8,3,0.3,0.0,1.0,0,5.0,2.0,50.0
target_map50_line__full,3,0,0.12952978915102786,,59,600,6,0.05,1.0,0.8,3,0.3,0.1,2.0,0,5.0,2.0,50.0
target_map50_line__full,4,0,0.12898972672867373,,114,400,6,0.1,0.6,0.8,3,0.0,0.1,0.5,0,5.0,2.0,50.0
target_map50_line__full,5,0,0.1281569030324753,,92,1200,5,0.05,1.0,0.6,3,0.0,0.0,1.0,0,5.0,2.0,50.0
target_map50_line__full,6,0,0.12401604934402334,,436,1000,7,0.01,0.6,0.6,5,0.1,0.0,2.0,0,5.0,2.0,50.0
target_map50_line__full,7,0,0.12403781358766718,,687,1200,3,0.01,0.6,1.0,3,0.0,0.5,2.0,0,5.0,2.0,50.0
target_map50_line__full,8,0,0.12819454515164355,,43,400,4,0.1,1.0,1.0,5,0.1,0.0,0.5,0,5.0,2.0,50.0
target_map50_line__full,9,0,0.12287488255243878,,60,1600,3,0.1,0.6,1.0,1,0.0,0.5,0.5,0,5.0,2.0,50.0
target_map50_line__full,10,0,0.1226576947222055,,153,1600,6,0.03,0.6,1.0,10,0.1,0.0,2.0,0,5.0,2.0,50.0
target_map50_line__full,11,0,0.12487756526379755,,160,1600,5,0.03,0.8,0.6,10,0.0,0.1,2.0,0,5.0,2.0,50.0
target_map50_line__full,12,0,0.12569590225158095,,231,400,5,0.03,0.8,0.6,3,0.0,0.5,0.5,0,5.0,2.0,50.0
target_map50_line__full,13,0,0.12722649946216566,,766,1000,3,0.01,0.6,1.0,1,0.3,0.5,1.0,0,5.0,2.0,50.0
target_map50_line__full,14,0,0.12725333805282327,,166,800,6,0.02,1.0,1.0,10,0.1,0.1,0.5,0,5.0,2.0,50.0
target_map50_line__full,15,0,0.1257392919047236,,92,1000,3,0.1,0.6,0.8,5,0.1,0.5,0.5,0,5.0,2.0,50.0
target_map50_line__full,16,0,0.12321602397833738,,182,1200,4,0.03,0.6,0.8,10,0.1,0.5,0.5,0,5.0,2.0,50.0
target_map50_line__full,17,0,0.12422368432024374,,665,1600,5,0.01,0.8,0.8,1,0.0,0.0,1.0,0,5.0,2.0,50.0
target_map50_line__full,18,0,0.12699460083987574,,453,600,5,0.01,0.8,0.8,3,0.3,0.0,0.5,0,5.0,2.0,50.0
target_map50_line__full,19,0,0.12324460268137269,,248,600,7,0.02,0.6,0.6,10,0.1,0.1,2.0,0,5.0,2.0,50.0
target_map50_line__full,20,0,0.1299216574257724,,109,1000,5,0.05,0.8,0.6,1,0.3,0.5,2.0,0,5.0,2.0,50.0
target_map50_line__full,21,0,0.12687409857163706,,51,800,3,0.1,1.0,1.0,3,0.1,0.5,1.0,0,5.0,2.0,50.0
target_map50_line__full,22,0,0.12834414054402363,,458,1000,3,0.02,0.8,0.8,1,0.3,0.5,0.5,0,5.0,2.0,50.0
target_map50_line__full,23,0,0.12817436685662797,,32,800,7,0.1,1.0,0.6,1,0.1,0.0,1.0,0,5.0,2.0,50.0
target_map50_line__full,24,0,0.1294947526432048,,67,600,7,0.1,0.8,0.6,5,0.3,0.5,0.5,0,5.0,2.0,50.0
target_map50_line__full,25,0,0.13005080840181174,,148,1600,7,0.02,1.0,0.8,3,0.3,0.0,2.0,0,5.0,2.0,50.0
target_map50_line__full,26,0,0.12608199386864424,,48,800,5,0.1,0.6,1.0,1,0.0,0.0,2.0,0,5.0,2.0,50.0
target_map50_line__full,27,0,0.12810662882762916,,33,800,5,0.1,1.0,0.6,3,0.1,0.1,0.5,0,5.0,2.0,50.0
target_map50_line__full,28,0,0.12399655400887243,,50,1000,3,0.1,1.0,0.6,5,0.1,0.5,2.0,0,5.0,2.0,50.0
target_map50_line__full,29,0,0.13134512249944189,,29,1600,5,0.1,1.0,1.0,5,0.3,0.0,2.0,0,5.0,2.0,50.0
target_map50_line__full,30,0,0.12582448632442947,,216,1600,5,0.02,1.0,0.6,3,0.0,0.5,0.5,0,5.0,2.0,50.0
target_map50_line__full,31,0,0.1295305018495349,,145,1200,6,0.02,1.0,0.8,10,0.3,0.1,0.5,0,5.0,2.0,50.0
target_map50_line__full,32,0,0.1266214420576986,,565,1200,3,0.01,1.0,1.0,1,0.0,0.1,0.5,0,5.0,2.0,50.0
target_map50_line__full,33,0,0.12475636337616157,,44,400,7,0.1,0.8,0.8,5,0.1,0.1,2.0,0,5.0,2.0,50.0
target_map50_line__full,34,0,0.123457386761745,,233,1200,5,0.03,0.6,0.8,1,0.1,0.5,2.0,0,5.0,2.0,50.0
target_map50_line__full,35,0,0.1272648026659696,,789,1000,4,0.01,0.6,0.6,5,0.3,0.0,2.0,0,5.0,2.0,50.0
target_map50_line__full,36,0,0.12760965500158675,,281,1600,4,0.03,0.8,1.0,3,0.3,0.1,1.0,0,5.0,2.0,50.0
target_map50_line__full,37,0,0.12385972731350928,,224,400,3,0.03,0.6,0.8,1,0.0,0.5,2.0,0,5.0,2.0,50.0
target_map50_line__full,38,0,0.12790143898151093,,534,600,4,0.01,1.0,1.0,3,0.0,0.5,0.5,0,5.0,2.0,50.0
target_map50_line__full,39,0,0.12821559725247242,,121,600,7,0.03,1.0,0.6,3,0.1,0.5,2.0,0,5.0,2.0,50.0
target_map50_line__full,40,0,0.13163612323435497,,58,1200,5,0.05,1.0,0.8,1,0.3,0.0,0.5,0,5.0,2.0,50.0
target_map50_line__full,41,0,0.1225644786477915,,108,600,6,0.05,0.6,0.8,5,0.1,0.1,1.0,0,5.0,2.0,50.0
target_map50_line__full,42,0,0.1285026395045155,,450,600,6,0.01,0.8,0.8,3,0.3,0.5,0.5,0,5.0,2.0,50.0
target_map50_line__full,43,0,0.12412560095411833,,284,1600,3,0.02,0.8,0.6,10,0.1,0.5,2.0,0,5.0,2.0,50.0
target_map50_line__full,44,0,0.1251430445364346,,382,1200,5,0.02,1.0,1.0,1,0.0,0.5,1.0,0,5.0,2.0,50.0
target_map50_line__full,45,0,0.12690702637956808,,453,1000,7,0.02,0.8,0.6,1,0.3,0.1,2.0,0,5.0,2.0,50.0
target_map50_line__full,46,0,0.12806179692924805,,60,400,4,0.1,0.8,0.6,1,0.0,0.0,2.0,0,5.0,2.0,50.0
target_map50_line__full,47,0,0.12429621899661057,,289,1600,3,0.03,0.8,1.0,10,0.0,0.5,2.0,0,5.0,2.0,50.0
target_map50_line__full,48,0,0.12376890868760841,,529,1600,5,0.01,0.8,1.0,1,0.0,0.5,1.0,0,5.0,2.0,50.0
target_map50_line__full,49,0,0.12444035427837837,,39,600,7,0.1,0.8,0.8,5,0.0,0.1,1.0,0,5.0,2.0,50.0
target_map50_line__full,50,0,0.13058047976795417,,150,600,6,0.02,1.0,0.6,3,0.3,0.1,2.0,0,5.0,2.0,50.0
target_map50_line__full,51,0,0.12770035759387838,,274,600,7,0.1,0.6,1.0,1,0.3,0.0,0.5,0,5.0,2.0,50.0
target_map50_line__full,52,0,0.130636708629253,,32,600,6,0.1,0.6,0.6,3,0.0,0.0,2.0,0,5.0,2.0,50.0
target_map50_line__full,53,0,0.1299165165490081,,75,600,6,0.05,1.0,0.8,1,0.0,0.0,2.0,0,5.0,2.0,50.0
target_map50_line__full,54,0,0.12421701942114437,,635,1000,3,0.01,0.8,0.8,5,0.1,0.1,1.0,0,5.0,2.0,50.0
target_map50_line__full,55,0,0.12761623282964768,,103,1000,3,0.05,0.8,1.0,3,0.3,0.1,0.5,0,5.0,2.0,50.0
target_map50_line__full,56,0,0.12332537957545243,,192,800,7,0.03,0.8,0.6,10,0.1,0.5,0.5,0,5.0,2.0,50.0
target_map50_line__full,57,0,0.1258619919661616,,50,1000,3,0.1,0.8,0.8,10,0.0,0.0,1.0,0,5.0,2.0,50.0
target_map50_line__full,58,0,0.13028851897422364,,31,400,5,0.1,1.0,0.6,1,0.3,0.1,2.0,0,5.0,2.0,50.0
target_map50_line__full,59,0,0.12237453163965166,,535,1200,6,0.02,0.6,1.0,3,0.1,0.5,0.5,0,5.0,2.0,50.0
target_map50_line__full,60,0,0.12452311704185018,,540,1000,5,0.01,0.8,1.0,10,0.1,0.5,1.0,0,5.0,2.0,50.0
target_map50_line__full,61,0,0.12759032863234718,,135,1600,7,0.05,0.6,0.8,5,0.3,0.5,1.0,0,5.0,2.0,50.0
target_map50_line__full,62,0,0.12744916956441668,,262,1200,3,0.03,1.0,1.0,5,0.0,0.0,1.0,0,5.0,2.0,50.0
target_map50_line__full,63,0,0.12226412915075861,,269,800,7,0.02,0.6,0.6,10,0.0,0.1,1.0,0,5.0,2.0,50.0
target_map50_line__full,64,0,0.12251630394507435,,438,1000,3,0.02,0.8,0.6,10,0.0,0.1,2.0,0,5.0,2.0,50.0
target_map50_line__full,65,0,0.12932552315342496,,95,800,7,0.03,1.0,1.0,10,0.3,0.1,1.0,0,5.0,2.0,50.0
target_map50_line__full,66,0,0.12554787353810623,,195,1200,7,0.03,0.8,1.0,1,0.0,0.5,1.0,0,5.0,2.0,50.0
target_map50_line__full,67,0,0.13019199347467791,,145,1000,7,0.02,1.0,0.8,3,0.3,0.0,1.0,0,5.0,2.0,50.0
target_map50_line__full,68,0,0.12849820403521886,,108,400,5,0.05,0.8,0.6,1,0.0,0.0,0.5,0,5.0,2.0,50.0
target_map50_line__full,69,0,0.12416471649272852,,512,1000,4,0.01,0.6,0.6,5,0.1,0.0,1.0,0,5.0,2.0,50.0
target_map50_line__full,70,0,0.12230209689595435,,306,1600,5,0.03,0.8,1.0,10,0.0,0.0,2.0,0,5.0,2.0,50.0
target_map50_line__full,71,0,0.12227869979050154,,68,1200,4,0.1,0.8,1.0,10,0.1,0.0,2.0,0,5.0,2.0,50.0
target_map50_line__full,72,0,0.12120421578667318,,349,400,7,0.02,0.8,0.8,10,0.1,0.0,1.0,0,5.0,2.0,50.0
target_map50_line__full,73,0,0.12754790443697414,,177,1200,5,0.02,1.0,1.0,1,0.1,0.5,0.5,0,5.0,2.0,50.0
target_map50_line__full,74,0,0.12712664441148275,,614,1600,4,0.01,0.6,1.0,3,0.3,0.1,2.0,0,5.0,2.0,50.0
target_map50_line__full,75,0,0.12762002680485515,,112,1000,5,0.05,0.6,0.6,1,0.1,0.1,0.5,0,5.0,2.0,50.0
target_map50_line__full,76,0,0.12525649518536475,,181,600,3,0.05,1.0,0.6,10,0.0,0.0,0.5,0,5.0,2.0,50.0
target_map50_line__full,77,0,0.12650586565476357,,150,1000,5,0.03,1.0,0.8,1,0.0,0.1,0.5,0,5.0,2.0,50.0
target_map50_line__full,78,0,0.12513844390400097,,146,1000,4,0.05,0.6,0.6,1,0.0,0.0,1.0,0,5.0,2.0,50.0
target_map50_line__full,79,0,0.12362860959974616,,348,1000,4,0.02,0.8,0.8,10,0.0,0.5,0.5,0,5.0,2.0,50.0
target_map50_line__full,80,0,0.12676478179491668,,81,1600,3,0.1,1.0,0.8,3,0.0,0.5,0.5,0,5.0,2.0,50.0
target_map50_line__full,81,0,0.12494295273202687,,308,1600,5,0.03,1.0,0.6,10,0.0,0.0,1.0,0,5.0,2.0,50.0
target_map50_line__full,82,0,0.13044399137838758,,148,1000,6,0.02,1.0,0.8,1,0.3,0.5,0.5,0,5.0,2.0,50.0
target_map50_line__full,83,0,0.12680946411458985,,48,800,4,0.1,0.8,1.0,10,0.3,0.5,0.5,0,5.0,2.0,50.0
target_map50_line__full,84,0,0.12568662134502345,,189,1200,7,0.03,0.8,1.0,5,0.1,0.5,0.5,0,5.0,2.0,50.0
target_map50_line__full,85,0,0.12421081145143405,,176,800,5,0.03,0.8,1.0,5,0.0,0.5,0.5,0,5.0,2.0,50.0
target_map50_line__full,86,0,0.12405519141549474,,112,1000,5,0.1,0.6,0.8,3,0.1,0.0,2.0,0,5.0,2.0,50.0
target_map50_line__full,87,0,0.12615300612305066,,151,1200,6,0.03,1.0,0.6,5,0.0,0.0,1.0,0,5.0,2.0,50.0
target_map50_line__full,88,0,0.12380750378353549,,243,400,6,0.02,1.0,1.0,10,0.0,0.5,1.0,0,5.0,2.0,50.0
target_map50_line__full,89,0,0.1262215377869947,,75,600,6,0.05,0.8,0.6,1,0.0,0.0,1.0,0,5.0,2.0,50.0
target_map50_line__full,90,0,0.12625580909842102,,90,1000,4,0.1,0.8,1.0,1,0.1,0.0,2.0,0,5.0,2.0,50.0
target_map50_line__full,91,0,0.12883718037325056,,321,800,6,0.02,0.6,0.8,3,0.3,0.5,0.5,0,5.0,2.0,50.0
target_map50_line__full,92,0,0.12557004543962186,,349,600,3,0.02,0.8,0.6,3,0.1,0.0,1.0,0,5.0,2.0,50.0
target_map50_line__full,93,0,0.1231765805709794,,44,1000,7,0.1,0.6,0.6,10,0.1,0.0,2.0,0,5.0,2.0,50.0
target_map50_line__full,94,0,0.12760969645834178,,284,1200,3,0.03,0.6,0.6,10,0.3,0.5,0.5,0,5.0,2.0,50.0
target_map50_line__full,95,0,0.12622545424908013,,366,400,3,0.02,0.6,0.8,5,0.1,0.5,2.0,0,5.0,2.0,50.0
target_map50_line__full,96,0,0.12628923338281056,,49,1600,4,0.1,1.0,0.8,1,0.0,0.5,2.0,0,5.0,2.0,50.0
target_map50_line__full,97,0,0.12802670941545027,,154,1600,3,0.1,0.6,0.8,1,0.3,0.1,1.0,0,5.0,2.0,50.0
target_map50_line__full,98,0,0.12924989875906126,,58,600,4,0.05,1.0,0.8,10,0.3,0.0,2.0,0,5.0,2.0,50.0
target_map50_line__full,99,0,0.12520231963966225,,92,400,5,0.05,0.8,1.0,5,0.0,0.0,2.0,0,5.0,2.0,50.0
target_map50_line__full,100,0,0.12264729346800578,,47,1600,6,0.1,0.8,1.0,10,0.1,0.5,0.5,0,5.0,2.0,50.0
target_map50_line__full,72,1,0.12120421578667318,,349,400,7,0.02,0.8,0.8,10,0.1,0.0,1.0,0,5.0,2.0,50.0
target_perm_cer_htr_only__full,1,0,0.050709916051012854,,392,400,4,0.02,1.0,0.6,5,0.0,0.1,1.0,0,5.0,2.0,50.0
target_perm_cer_htr_only__full,2,0,0.0521972783202704,,239,1600,4,0.02,1.0,1.0,1,0.0,0.5,1.0,0,5.0,2.0,50.0
target_perm_cer_htr_only__full,3,0,0.0514054817264238,,365,1200,4,0.02,0.6,1.0,3,0.1,0.5,2.0,0,5.0,2.0,50.0
target_perm_cer_htr_only__full,4,0,0.06645707409477655,,260,600,3,0.01,1.0,0.6,10,0.3,0.1,0.5,0,5.0,2.0,50.0
target_perm_cer_htr_only__full,5,0,0.05288325516716684,,41,1600,5,0.1,0.8,1.0,3,0.1,0.5,2.0,0,5.0,2.0,50.0
target_perm_cer_htr_only__full,6,0,0.053015596642864524,,196,800,5,0.02,0.6,1.0,5,0.1,0.0,2.0,0,5.0,2.0,50.0
target_perm_cer_htr_only__full,7,0,0.06002219472135886,,156,400,6,0.02,0.8,1.0,10,0.1,0.5,0.5,0,5.0,2.0,50.0
target_perm_cer_htr_only__full,8,0,0.05874086198078861,,109,1000,5,0.03,0.8,1.0,3,0.3,0.5,0.5,0,5.0,2.0,50.0
target_perm_cer_htr_only__full,9,0,0.05779207752255997,,255,800,5,0.02,0.6,0.8,3,0.3,0.5,0.5,0,5.0,2.0,50.0
target_perm_cer_htr_only__full,10,0,0.06313372157532095,,65,600,4,0.05,0.8,0.6,10,0.3,0.1,2.0,0,5.0,2.0,50.0
target_perm_cer_htr_only__full,11,0,0.06408429577301672,,260,600,6,0.01,1.0,1.0,10,0.3,0.5,0.5,0,5.0,2.0,50.0
target_perm_cer_htr_only__full,12,0,0.056557669671848984,,120,1200,3,0.05,0.8,0.8,3,0.1,0.5,0.5,0,5.0,2.0,50.0
target_perm_cer_htr_only__full,13,0,0.05614932036766728,,376,400,4,0.01,0.8,1.0,1,0.3,0.5,0.5,0,5.0,2.0,50.0
target_perm_cer_htr_only__full,14,0,0.06759272925655764,,101,1000,3,0.03,1.0,0.8,10,0.1,0.0,0.5,0,5.0,2.0,50.0
target_perm_cer_htr_only__full,15,0,0.061488679757285586,,349,800,6,0.01,1.0,0.8,3,0.3,0.5,0.5,0,5.0,2.0,50.0
target_perm_cer_htr_only__full,16,0,0.04899663142433341,,521,800,7,0.01,1.0,0.6,1,0.0,0.5,0.5,0,5.0,2.0,50.0
target_perm_cer_htr_only__full,17,0,0.053121717365524145,,415,800,4,0.01,1.0,0.8,5,0.1,0.5,2.0,0,5.0,2.0,50.0
target_perm_cer_htr_only__full,18,0,0.051243882007121426,,491,800,7,0.01,0.8,0.8,3,0.1,0.0,2.0,0,5.0,2.0,50.0
target_perm_cer_htr_only__full,19,0,0.05033891211954034,,100,1600,6,0.03,0.6,0.6,5,0.0,0.0,2.0,0,5.0,2.0,50.0
target_perm_cer_htr_only__full,20,0,0.05838006212811127,,89,1000,7,0.05,0.6,0.8,5,0.1,0.0,1.0,0,5.0,2.0,50.0
target_perm_cer_htr_only__full,21,0,0.05620208251359028,,115,800,7,0.05,0.8,1.0,1,0.3,0.1,1.0,0,5.0,2.0,50.0
target_perm_cer_htr_only__full,22,0,0.05545281220166206,,240,1000,3,0.02,0.8,1.0,1,0.3,0.0,2.0,0,5.0,2.0,50.0
target_perm_cer_htr_only__full,23,0,0.05552870039518656,,98,1000,7,0.03,0.6,1.0,10,0.0,0.5,2.0,0,5.0,2.0,50.0
target_perm_cer_htr_only__full,24,0,0.057252222589642555,,52,600,6,0.05,1.0,1.0,5,0.3,0.1,1.0,0,5.0,2.0,50.0
target_perm_cer_htr_only__full,25,0,0.05859545479032247,,111,1200,4,0.03,1.0,0.8,1,0.3,0.0,1.0,0,5.0,2.0,50.0
target_perm_cer_htr_only__full,26,0,0.0620362204610751,,25,800,6,0.1,0.6,1.0,5,0.3,0.1,2.0,0,5.0,2.0,50.0
target_perm_cer_htr_only__full,27,0,0.058478669894954594,,150,1200,5,0.02,0.8,0.8,10,0.1,0.5,0.5,0,5.0,2.0,50.0
target_perm_cer_htr_only__full,28,0,0.05198295285590275,,360,1600,4,0.01,0.6,0.8,3,0.1,0.1,0.5,0,5.0,2.0,50.0
target_perm_cer_htr_only__full,29,0,0.05284996795138379,,341,1000,6,0.01,0.6,1.0,1,0.1,0.1,1.0,0,5.0,2.0,50.0
target_perm_cer_htr_only__full,30,0,0.05188425959103137,,56,1600,7,0.1,0.6,0.8,1,0.1,0.1,2.0,0,5.0,2.0,50.0
target_perm_cer_htr_only__full,31,0,0.05363520180516715,,84,1000,4,0.1,0.8,0.6,5,0.1,0.5,0.5,0,5.0,2.0,50.0
target_perm_cer_htr_only__full,32,0,0.05801339972763103,,289,1000,3,0.02,0.6,0.6,5,0.0,0.1,0.5,0,5.0,2.0,50.0
target_perm_cer_htr_only__full,33,0,0.051525815836560594,,99,1200,4,0.05,0.8,1.0,3,0.0,0.5,0.5,0,5.0,2.0,50.0
target_perm_cer_htr_only__full,34,0,0.05519555730637641,,250,800,3,0.02,0.6,0.6,3,0.3,0.5,2.0,0,5.0,2.0,50.0
target_perm_cer_htr_only__full,35,0,0.055552612838017906,,162,600,4,0.05,0.8,0.8,1,0.1,0.1,0.5,0,5.0,2.0,50.0
target_perm_cer_htr_only__full,36,0,0.0534108501123331,,197,1000,4,0.03,1.0,0.8,5,0.1,0.0,2.0,0,5.0,2.0,50.0
target_perm_cer_htr_only__full,37,0,0.05911014353753702,,129,800,4,0.02,1.0,1.0,1,0.3,0.5,0.5,0,5.0,2.0,50.0
target_perm_cer_htr_only__full,38,0,0.0591704119954757,,81,1200,4,0.05,1.0,0.6,10,0.1,0.1,2.0,0,5.0,2.0,50.0
target_perm_cer_htr_only__full,39,0,0.061914887745709836,,153,1200,4,0.02,0.8,1.0,10,0.0,0.1,1.0,0,5.0,2.0,50.0
target_perm_cer_htr_only__full,40,0,0.05711656054209209,,198,800,3,0.02,0.6,1.0,5,0.1,0.0,1.0,0,5.0,2.0,50.0
target_perm_cer_htr_only__full,41,0,0.05471780728825367,,96,400,5,0.05,0.6,1.0,5,0.1,0.5,2.0,0,5.0,2.0,50.0
target_perm_cer_htr_only__full,42,0,0.06072202828178117,,33,1200,7,0.1,1.0,0.8,10,0.3,0.1,1.0,0,5.0,2.0,50.0
target_perm_cer_htr_only__full,43,0,0.050151747922961606,,109,600,6,0.05,1.0,0.6,5,0.0,0.1,0.5,0,5.0,2.0,50.0
target_perm_cer_htr_only__full,44,0,0.050400244747074725,,201,600,7,0.02,0.8,0.6,1,0.1,0.5,1.0,0,5.0,2.0,50.0
target_perm_cer_htr_only__full,45,0,0.058001175725171446,,141,400,7,0.02,1.0,0.6,10,0.1,0.5,0.5,0,5.0,2.0,50.0
target_perm_cer_htr_only__full,46,0,0.05968824640428945,,52,1200,3,0.1,1.0,1.0,3,0.0,0.1,0.5,0,5.0,2.0,50.0
target_perm_cer_htr_only__full,47,0,0.05767781885551214,,136,1200,4,0.03,0.6,0.8,3,0.3,0.1,2.0,0,5.0,2.0,50.0
target_perm_cer_htr_only__full,48,0,0.05567684005035591,,410,1200,4,0.01,0.8,0.8,1,0.3,0.1,1.0,0,5.0,2.0,50.0
target_perm_cer_htr_only__full,49,0,0.048093688616427745,,562,1200,6,0.01,0.6,0.6,3,0.0,0.5,1.0,0,5.0,2.0,50.0
target_perm_cer_htr_only__full,50,0,0.054780206997064144,,161,1600,5,0.03,1.0,0.6,3,0.0,0.1,2.0,0,5.0,2.0,50.0
target_perm_cer_htr_only__full,51,0,0.04754157478770426,,259,600,7,0.02,1.0,0.6,5,0.0,0.0,2.0,0,5.0,2.0,50.0
target_perm_cer_htr_only__full,52,0,0.05452851386609621,,307,1600,3,0.02,0.8,0.6,5,0.0,0.1,2.0,0,5.0,2.0,50.0
target_perm_cer_htr_only__full,53,0,0.051459504912824174,,162,1600,5,0.03,1.0,0.6,1,0.0,0.1,1.0,0,5.0,2.0,50.0
target_perm_cer_htr_only__full,54,0,0.06096430070175326,,269,1600,3,0.01,0.6,1.0,5,0.3,0.1,1.0,0,5.0,2.0,50.0
target_perm_cer_htr_only__full,55,0,0.055065057035241435,,177,1000,3,0.05,0.8,0.6,5,0.0,0.0,0.5,0,5.0,2.0,50.0
target_perm_cer_htr_only__full,56,0,0.04863793502394639,,143,1600,3,0.1,0.6,0.8,1,0.0,0.0,0.5,0,5.0,2.0,50.0
target_perm_cer_htr_only__full,57,0,0.06269921924759563,,180,1600,3,0.02,1.0,0.8,10,0.1,0.5,2.0,0,5.0,2.0,50.0
target_perm_cer_htr_only__full,58,0,0.05248917174049605,,147,400,5,0.03,1.0,1.0,5,0.1,0.0,2.0,0,5.0,2.0,50.0
target_perm_cer_htr_only__full,59,0,0.0494011904941564,,297,1200,5,0.02,0.6,0.6,3,0.0,0.5,2.0,0,5.0,2.0,50.0
target_perm_cer_htr_only__full,60,0,0.05646583330953242,,529,800,3,0.01,0.8,1.0,3,0.1,0.5,0.5,0,5.0,2.0,50.0
target_perm_cer_htr_only__full,61,0,0.050526319004480985,,173,1600,5,0.05,1.0,0.8,1,0.1,0.5,2.0,0,5.0,2.0,50.0
target_perm_cer_htr_only__full,62,0,0.052763314016139595,,117,1000,6,0.03,1.0,0.6,5,0.1,0.5,1.0,0,5.0,2.0,50.0
target_perm_cer_htr_only__full,63,0,0.050200888864606594,,116,1000,3,0.1,0.6,0.8,1,0.0,0.5,0.5,0,5.0,2.0,50.0
target_perm_cer_htr_only__full,64,0,0.05826447536372254,,28,400,6,0.1,1.0,1.0,10,0.0,0.5,0.5,0,5.0,2.0,50.0
target_perm_cer_htr_only__full,65,0,0.06249313845356471,,110,800,4,0.03,1.0,0.8,3,0.3,0.1,1.0,0,5.0,2.0,50.0
target_perm_cer_htr_only__full,66,0,0.05384135481336835,,191,1600,5,0.02,0.8,0.6,3,0.1,0.0,0.5,0,5.0,2.0,50.0
target_perm_cer_htr_only__full,67,0,0.051747040405078985,,335,1200,3,0.03,0.6,0.6,1,0.1,0.0,1.0,0,5.0,2.0,50.0
target_perm_cer_htr_only__full,68,0,0.0469788209834142,,202,600,7,0.02,0.8,0.6,1,0.0,0.0,2.0,0,5.0,2.0,50.0
target_perm_cer_htr_only__full,69,0,0.05674853404253359,,299,600,4,0.01,1.0,0.6,5,0.3,0.0,1.0,0,5.0,2.0,50.0
target_perm_cer_htr_only__full,70,0,0.04704792485772188,,220,400,6,0.02,0.6,0.6,1,0.0,0.0,2.0,0,5.0,2.0,50.0
target_perm_cer_htr_only__full,71,0,0.04874683199113745,,199,800,7,0.03,0.6,0.6,1,0.0,0.5,0.5,0,5.0,2.0,50.0
target_perm_cer_htr_only__full,72,0,0.06134659094731187,,81,1000,6,0.05,0.6,0.8,10,0.1,0.5,1.0,0,5.0,2.0,50.0
target_perm_cer_htr_only__full,73,0,0.05587679448954851,,50,400,4,0.1,1.0,0.6,3,0.1,0.0,1.0,0,5.0,2.0,50.0
target_perm_cer_htr_only__full,74,0,0.05240654295408042,,118,1200,3,0.05,1.0,0.6,1,0.1,0.0,2.0,0,5.0,2.0,50.0
target_perm_cer_htr_only__full,75,0,0.048520769666348704,,63,800,4,0.05,1.0,0.6,1,0.1,0.5,1.0,0,5.0,2.0,50.0
target_perm_cer_htr_only__full,76,0,0.048065324849395075,,84,600,5,0.05,0.6,0.8,1,0.0,0.1,1.0,0,5.0,2.0,50.0
target_perm_cer_htr_only__full,77,0,0.06271396692748202,,254,1600,4,0.01,1.0,1.0,10,0.1,0.5,1.0,0,5.0,2.0,50.0
target_perm_cer_htr_only__full,78,0,0.062070439381089346,,60,400,3,0.05,0.6,1.0,10,0.1,0.0,2.0,0,5.0,2.0,50.0
target_perm_cer_htr_only__full,79,0,0.0522995579045591,,113,800,5,0.03,1.0,0.8,1,0.1,0.5,0.5,0,5.0,2.0,50.0
target_perm_cer_htr_only__full,80,0,0.05125836540922871,,198,400,7,0.02,0.8,1.0,3,0.0,0.0,2.0,0,5.0,2.0,50.0
target_perm_cer_htr_only__full,81,0,0.05530121710708599,,151,400,3,0.05,0.8,1.0,1,0.1,0.0,1.0,0,5.0,2.0,50.0
target_perm_cer_htr_only__full,82,0,0.06019163328428552,,92,600,7,0.03,0.8,1.0,10,0.1,0.1,2.0,0,5.0,2.0,50.0
target_perm_cer_htr_only__full,83,0,0.054161915242245014,,217,1600,3,0.03,0.8,1.0,3,0.1,0.5,2.0,0,5.0,2.0,50.0
target_perm_cer_htr_only__full,84,0,0.05539294307101719,,119,1600,4,0.03,0.8,0.8,3,0.3,0.0,0.5,0,5.0,2.0,50.0
target_perm_cer_htr_only__full,85,0,0.05592862779414689,,395,400,3,0.01,0.8,0.6,3,0.1,0.0,2.0,0,5.0,2.0,50.0
target_perm_cer_htr_only__full,86,0,0.05308283879632008,,100,1600,4,0.05,0.8,1.0,3,0.1,0.0,1.0,0,5.0,2.0,50.0
target_perm_cer_htr_only__full,87,0,0.05678209803925075,,165,1600,3,0.03,0.8,1.0,3,0.1,0.0,0.5,0,5.0,2.0,50.0
target_perm_cer_htr_only__full,88,0,0.05769347432093195,,331,1000,3,0.01,0.6,0.6,3,0.3,0.0,1.0,0,5.0,2.0,50.0
target_perm_cer_htr_only__full,89,0,0.05606897990527692,,185,1600,7,0.02,1.0,0.8,3,0.1,0.0,2.0,0,5.0,2.0,50.0
target_perm_cer_htr_only__full,90,0,0.05794171193025405,,44,400,4,0.1,1.0,1.0,5,0.3,0.5,2.0,0,5.0,2.0,50.0
target_perm_cer_htr_only__full,91,0,0.056149224822760774,,152,1200,7,0.02,1.0,0.6,5,0.3,0.0,2.0,0,5.0,2.0,50.0
target_perm_cer_htr_only__full,92,0,0.06185155682379324,,84,600,4,0.03,0.8,0.8,10,0.3,0.0,2.0,0,5.0,2.0,50.0
target_perm_cer_htr_only__full,93,0,0.05876042462220223,,76,1000,5,0.05,0.8,0.8,3,0.3,0.5,1.0,0,5.0,2.0,50.0
target_perm_cer_htr_only__full,94,0,0.048650023050143494,,353,400,7,0.01,0.8,0.6,5,0.0,0.5,2.0,0,5.0,2.0,50.0
target_perm_cer_htr_only__full,95,0,0.05423188646428238,,103,800,7,0.05,0.6,0.6,5,0.1,0.5,0.5,0,5.0,2.0,50.0
target_perm_cer_htr_only__full,96,0,0.06092338932271017,,396,400,3,0.01,0.6,1.0,10,0.1,0.1,2.0,0,5.0,2.0,50.0
target_perm_cer_htr_only__full,97,0,0.05347488269001794,,236,1600,5,0.03,0.8,0.6,1,0.1,0.0,0.5,0,5.0,2.0,50.0
target_perm_cer_htr_only__full,98,0,0.051932542004551184,,247,1200,4,0.02,0.8,1.0,1,0.1,0.5,2.0,0,5.0,2.0,50.0
target_perm_cer_htr_only__full,99,0,0.0578145663972132,,405,1000,4,0.01,0.8,1.0,3,0.3,0.1,0.5,0,5.0,2.0,50.0
target_perm_cer_htr_only__full,100,0,0.06222490978407977,,140,1000,3,0.02,0.6,1.0,10,0.0,0.0,1.0,0,5.0,2.0,50.0
target_perm_cer_htr_only__full,68,1,0.0469788209834142,,202,600,7,0.02,0.8,0.6,1,0.0,0.0,2.0,0,5.0,2.0,50.0
